customer ID,first name,last name,state,address
1,Arjun,Chowdhury,Tamil Nadu,XXX
2,Aarav,Nair,Tamil Nadu,XXX
3,Sana,Khan,Maharashtra,XXX
4,Ananya,Singh,Kerala,XXX
5,Ananya,Sharma,Maharashtra,XXX
6,Ishaan,Patel,Karnataka,XXX
7,Arjun,Kumar,Gujarat,XXX
8,Ishita,Das,Tamil Nadu,XXX
9,Aditya,Khan,Andhra Pradesh,XXX
10,Dev,Khan,Tamil Nadu,XXX
11,Aditi,Sharma,Tamil Nadu,XXX
12,Vihaan,Das,Tamil Nadu,XXX
13,Aarav,Singh,Tamil Nadu,XXX
14,Aditya,Khan,Telangana,XXX
15,Prajwal,Sharma,Karnataka,XXX
16,Ananya,Reddy,Andhra Pradesh,XXX
17,Mira,Gopal,Gujarat,XXX
18,Kriti,Iyer,Delhi,XXX
19,Aarav,Das,Telangana,XXX
20,Ishita,Gopal,Kerala,XXX
21,Prajwal,Singh,Telangana,XXX
22,Ishita,Reddy,Delhi,XXX
23,Aditi,Khan,Delhi,XXX
24,Ananya,Poojary,Kerala,XXX
25,Rohan,Das,Telangana,XXX
26,Dev,Gopal,Delhi,XXX
27,Sana,Patel,Gujarat,XXX
28,Aarav,Gopal,Telangana,XXX
29,Sai,Nair,Telangana,XXX
30,Aditi,Poojary,Kerala,XXX
31,Priya,Nair,Andhra Pradesh,XXX
32,Sana,Nair,Andhra Pradesh,XXX
33,Ishaan,Das,Tamil Nadu,XXX
34,Prajwal,Patel,Delhi,XXX
35,Priya,Reddy,Tamil Nadu,XXX
36,Arjun,Nair,Kerala,XXX
37,Aditya,Poojary,Karnataka,XXX
38,Neha,Chowdhury,Telangana,XXX
39,Arjun,Gopal,Gujarat,XXX
40,Kavya,Singh,Maharashtra,XXX
41,Kavya,Das,Maharashtra,XXX
42,Kriti,Poojary,Kerala,XXX
43,Sana,Iyer,Maharashtra,XXX
44,Vihaan,Sharma,Tamil Nadu,XXX
45,Rohan,Gopal,Kerala,XXX
46,Ishita,Patel,Telangana,XXX
47,Arjun,Nair,Tamil Nadu,XXX
48,Neha,Singh,Andhra Pradesh,XXX
49,Aditya,Nair,Maharashtra,XXX
50,Ishita,Patel,Delhi,XXX
51,Riya,Poojary,Telangana,XXX
52,Kriti,Iyer,Gujarat,XXX
53,Kavya,Sharma,Karnataka,XXX
54,Dev,Das,Andhra Pradesh,XXX
55,Prajwal,Iyer,Karnataka,XXX
56,Aditya,Gopal,Andhra Pradesh,XXX
57,Vihaan,Poojary,Gujarat,XXX
58,Ananya,Sharma,Delhi,XXX
59,Riya,Kumar,Andhra Pradesh,XXX
60,Aditya,Iyer,Maharashtra,XXX
61,Ananya,Nair,Gujarat,XXX
62,Arjun,Khan,Delhi,XXX
63,Neha,Gopal,Karnataka,XXX
64,Sana,Das,Gujarat,XXX
65,Rohan,Gopal,Maharashtra,XXX
66,Kavya,Sharma,Gujarat,XXX
67,Sai,Kumar,Tamil Nadu,XXX
68,Kavya,Singh,Tamil Nadu,XXX
69,Kavya,Iyer,Karnataka,XXX
70,Prajwal,Reddy,Kerala,XXX
71,Sana,Singh,Telangana,XXX
72,Aditya,Gopal,Tamil Nadu,XXX
73,Kriti,Chowdhury,Telangana,XXX
74,Sai,Gopal,Telangana,XXX
75,Ishita,Patel,Karnataka,XXX
76,Ananya,Sharma,Maharashtra,XXX
77,Sai,Das,Karnataka,XXX
78,Rohan,Khan,Kerala,XXX
79,Neha,Kumar,Delhi,XXX
80,Sana,Chowdhury,Tamil Nadu,XXX
81,Ishita,Reddy,Andhra Pradesh,XXX
82,Ananya,Singh,Maharashtra,XXX
83,Priya,Iyer,Kerala,XXX
84,Vihaan,Sharma,Delhi,XXX
85,Ananya,Iyer,Kerala,XXX
86,Vihaan,Poojary,Maharashtra,XXX
87,Priya,Patel,Karnataka,XXX
88,Neha,Kumar,Delhi,XXX
89,Sana,Patel,Andhra Pradesh,XXX
90,Aditya,Gopal,Telangana,XXX
91,Prajwal,Patel,Maharashtra,XXX
92,Dev,Das,Maharashtra,XXX
93,Priya,Reddy,Telangana,XXX
94,Prajwal,Gopal,Karnataka,XXX
95,Karan,Chowdhury,Delhi,XXX
96,Neha,Singh,Tamil Nadu,XXX
97,Rohan,Iyer,Kerala,XXX
98,Ishaan,Chowdhury,Andhra Pradesh,XXX
99,Sana,Singh,Karnataka,XXX
100,Ishaan,Poojary,Gujarat,XXX
101,Ananya,Gopal,Delhi,XXX
102,Ishita,Gopal,Andhra Pradesh,XXX
103,Ishita,Kumar,Tamil Nadu,XXX
104,Sana,Gopal,Maharashtra,XXX
105,Dev,Iyer,Gujarat,XXX
106,Aditi,Reddy,Maharashtra,XXX
107,Dev,Poojary,Karnataka,XXX
108,Neha,Kumar,Andhra Pradesh,XXX
109,Kavya,Khan,Telangana,XXX
110,Ananya,Iyer,Karnataka,XXX
111,Ishaan,Chowdhury,Andhra Pradesh,XXX
112,Mira,Reddy,Gujarat,XXX
113,Karan,Patel,Kerala,XXX
114,Aditya,Singh,Karnataka,XXX
115,Vihaan,Poojary,Gujarat,XXX
116,Arjun,Nair,Maharashtra,XXX
117,Ishaan,Iyer,Gujarat,XXX
118,Sai,Singh,Delhi,XXX
119,Aditi,Sharma,Maharashtra,XXX
120,Kriti,Singh,Gujarat,XXX
121,Aditya,Chowdhury,Tamil Nadu,XXX
122,Neha,Singh,Karnataka,XXX
123,Neha,Khan,Gujarat,XXX
124,Kriti,Khan,Gujarat,XXX
125,Rohan,Das,Tamil Nadu,XXX
126,Mira,Gopal,Telangana,XXX
127,Sana,Reddy,Telangana,XXX
128,Ishita,Gopal,Tamil Nadu,XXX
129,Aarav,Iyer,Tamil Nadu,XXX
130,Arjun,Gopal,Maharashtra,XXX
131,Ishita,Nair,Telangana,XXX
132,Sana,Nair,Karnataka,XXX
133,Priya,Iyer,Kerala,XXX
134,Arjun,Iyer,Delhi,XXX
135,Riya,Poojary,Karnataka,XXX
136,Aditi,Gopal,Delhi,XXX
137,Sai,Nair,Karnataka,XXX
138,Rohan,Kumar,Gujarat,XXX
139,Aarav,Chowdhury,Kerala,XXX
140,Sana,Kumar,Andhra Pradesh,XXX
141,Mira,Khan,Telangana,XXX
142,Sai,Poojary,Kerala,XXX
143,Mira,Kumar,Karnataka,XXX
144,Arjun,Poojary,Delhi,XXX
145,Riya,Sharma,Kerala,XXX
146,Mira,Nair,Gujarat,XXX
147,Kriti,Chowdhury,Karnataka,XXX
148,Prajwal,Gopal,Gujarat,XXX
149,Ishaan,Chowdhury,Kerala,XXX
150,Kavya,Poojary,Maharashtra,XXX
151,Sai,Poojary,Gujarat,XXX
152,Ishita,Das,Andhra Pradesh,XXX
153,Mira,Das,Andhra Pradesh,XXX
154,Aarav,Reddy,Telangana,XXX
155,Kriti,Gopal,Andhra Pradesh,XXX
156,Priya,Sharma,Gujarat,XXX
157,Karan,Reddy,Tamil Nadu,XXX
158,Aarav,Iyer,Telangana,XXX
159,Arjun,Khan,Telangana,XXX
160,Kavya,Nair,Gujarat,XXX
161,Riya,Patel,Kerala,XXX
162,Ananya,Gopal,Maharashtra,XXX
163,Vihaan,Patel,Andhra Pradesh,XXX
164,Ananya,Iyer,Maharashtra,XXX
165,Dev,Gopal,Andhra Pradesh,XXX
166,Aditya,Sharma,Tamil Nadu,XXX
167,Aditya,Chowdhury,Kerala,XXX
168,Karan,Reddy,Gujarat,XXX
169,Aditya,Poojary,Maharashtra,XXX
170,Ishita,Das,Maharashtra,XXX
171,Ishaan,Reddy,Gujarat,XXX
172,Ishaan,Patel,Kerala,XXX
173,Karan,Gopal,Kerala,XXX
174,Ishita,Singh,Telangana,XXX
175,Sai,Nair,Andhra Pradesh,XXX
176,Sana,Khan,Tamil Nadu,XXX
177,Mira,Chowdhury,Telangana,XXX
178,Kriti,Poojary,Gujarat,XXX
179,Aditi,Das,Telangana,XXX
180,Prajwal,Patel,Karnataka,XXX
181,Ishita,Nair,Gujarat,XXX
182,Prajwal,Das,Andhra Pradesh,XXX
183,Riya,Iyer,Kerala,XXX
184,Neha,Poojary,Karnataka,XXX
185,Kavya,Nair,Maharashtra,XXX
186,Rohan,Das,Andhra Pradesh,XXX
187,Mira,Chowdhury,Gujarat,XXX
188,Rohan,Gopal,Tamil Nadu,XXX
189,Arjun,Iyer,Karnataka,XXX
190,Ananya,Sharma,Tamil Nadu,XXX
191,Ananya,Khan,Telangana,XXX
192,Aditya,Patel,Karnataka,XXX
193,Priya,Kumar,Tamil Nadu,XXX
194,Aarav,Das,Maharashtra,XXX
195,Dev,Das,Delhi,XXX
196,Ishita,Singh,Gujarat,XXX
197,Ananya,Kumar,Gujarat,XXX
198,Dev,Chowdhury,Andhra Pradesh,XXX
199,Ananya,Patel,Karnataka,XXX
200,Aarav,Poojary,Tamil Nadu,XXX
201,Aditya,Patel,Telangana,XXX
202,Vihaan,Das,Gujarat,XXX
203,Ananya,Chowdhury,Gujarat,XXX
204,Aditya,Patel,Telangana,XXX
205,Vihaan,Gopal,Maharashtra,XXX
206,Priya,Reddy,Tamil Nadu,XXX
207,Aditya,Chowdhury,Gujarat,XXX
208,Mira,Singh,Andhra Pradesh,XXX
209,Ananya,Sharma,Gujarat,XXX
210,Sana,Sharma,Kerala,XXX
211,Karan,Nair,Delhi,XXX
212,Prajwal,Sharma,Maharashtra,XXX
213,Ishita,Singh,Karnataka,XXX
214,Ishaan,Nair,Tamil Nadu,XXX
215,Dev,Nair,Telangana,XXX
216,Dev,Poojary,Andhra Pradesh,XXX
217,Karan,Reddy,Maharashtra,XXX
218,Ananya,Kumar,Kerala,XXX
219,Karan,Iyer,Kerala,XXX
220,Aditi,Poojary,Telangana,XXX
221,Prajwal,Khan,Delhi,XXX
222,Arjun,Das,Kerala,XXX
223,Arjun,Reddy,Telangana,XXX
224,Aditi,Reddy,Delhi,XXX
225,Kavya,Reddy,Maharashtra,XXX
226,Aditi,Patel,Tamil Nadu,XXX
227,Aditi,Khan,Maharashtra,XXX
228,Rohan,Poojary,Telangana,XXX
229,Vihaan,Khan,Tamil Nadu,XXX
230,Arjun,Das,Telangana,XXX
231,Vihaan,Kumar,Maharashtra,XXX
232,Neha,Gopal,Gujarat,XXX
233,Priya,Khan,Gujarat,XXX
234,Arjun,Reddy,Maharashtra,XXX
235,Ananya,Kumar,Kerala,XXX
236,Prajwal,Gopal,Kerala,XXX
237,Prajwal,Das,Tamil Nadu,XXX
238,Ishita,Singh,Tamil Nadu,XXX
239,Rohan,Gopal,Gujarat,XXX
240,Ishaan,Singh,Delhi,XXX
241,Aditi,Das,Maharashtra,XXX
242,Sai,Sharma,Delhi,XXX
243,Sana,Gopal,Tamil Nadu,XXX
244,Rohan,Singh,Delhi,XXX
245,Ananya,Das,Telangana,XXX
246,Aditya,Iyer,Karnataka,XXX
247,Rohan,Reddy,Gujarat,XXX
248,Ishita,Patel,Gujarat,XXX
249,Arjun,Gopal,Telangana,XXX
250,Vihaan,Nair,Tamil Nadu,XXX
251,Ishita,Khan,Maharashtra,XXX
252,Aarav,Singh,Maharashtra,XXX
253,Aditya,Das,Kerala,XXX
254,Ananya,Poojary,Andhra Pradesh,XXX
255,Sai,Chowdhury,Telangana,XXX
256,Aditi,Singh,Andhra Pradesh,XXX
257,Karan,Gopal,Andhra Pradesh,XXX
258,Karan,Singh,Maharashtra,XXX
259,Prajwal,Kumar,Tamil Nadu,XXX
260,Neha,Poojary,Gujarat,XXX
261,Vihaan,Gopal,Maharashtra,XXX
262,Sai,Patel,Telangana,XXX
263,Neha,Kumar,Telangana,XXX
264,Aarav,Poojary,Gujarat,XXX
265,Neha,Khan,Tamil Nadu,XXX
266,Sana,Nair,Tamil Nadu,XXX
267,Rohan,Khan,Tamil Nadu,XXX
268,Riya,Singh,Andhra Pradesh,XXX
269,Aditi,Chowdhury,Karnataka,XXX
270,Ishita,Singh,Maharashtra,XXX
271,Karan,Sharma,Tamil Nadu,XXX
272,Ishaan,Das,Kerala,XXX
273,Prajwal,Poojary,Tamil Nadu,XXX
274,Riya,Singh,Tamil Nadu,XXX
275,Prajwal,Sharma,Gujarat,XXX
276,Vihaan,Khan,Delhi,XXX
277,Dev,Das,Gujarat,XXX
278,Ishita,Chowdhury,Kerala,XXX
279,Vihaan,Sharma,Maharashtra,XXX
280,Priya,Khan,Kerala,XXX
281,Vihaan,Chowdhury,Delhi,XXX
282,Vihaan,Gopal,Kerala,XXX
283,Dev,Singh,Tamil Nadu,XXX
284,Karan,Kumar,Kerala,XXX
285,Mira,Khan,Maharashtra,XXX
286,Mira,Nair,Tamil Nadu,XXX
287,Sai,Kumar,Tamil Nadu,XXX
288,Vihaan,Das,Tamil Nadu,XXX
289,Mira,Kumar,Gujarat,XXX
290,Aditya,Khan,Karnataka,XXX
291,Sai,Singh,Karnataka,XXX
292,Aditya,Das,Maharashtra,XXX
293,Kriti,Chowdhury,Karnataka,XXX
294,Aditya,Das,Kerala,XXX
295,Ananya,Das,Delhi,XXX
296,Neha,Reddy,Andhra Pradesh,XXX
297,Arjun,Das,Karnataka,XXX
298,Dev,Patel,Telangana,XXX
299,Ananya,Das,Kerala,XXX
300,Dev,Das,Kerala,XXX
301,Kriti,Sharma,Telangana,XXX
302,Vihaan,Singh,Delhi,XXX
303,Kriti,Gopal,Andhra Pradesh,XXX
304,Aditya,Sharma,Kerala,XXX
305,Aditi,Khan,Telangana,XXX
306,Dev,Nair,Maharashtra,XXX
307,Dev,Chowdhury,Karnataka,XXX
308,Mira,Reddy,Tamil Nadu,XXX
309,Priya,Patel,Telangana,XXX
310,Sana,Singh,Andhra Pradesh,XXX
311,Prajwal,Nair,Telangana,XXX
312,Priya,Chowdhury,Telangana,XXX
313,Ananya,Poojary,Delhi,XXX
314,Sana,Reddy,Gujarat,XXX
315,Neha,Kumar,Tamil Nadu,XXX
316,Ishaan,Reddy,Gujarat,XXX
317,Riya,Iyer,Gujarat,XXX
318,Rohan,Nair,Gujarat,XXX
319,Priya,Iyer,Andhra Pradesh,XXX
320,Aditya,Iyer,Tamil Nadu,XXX
321,Aarav,Singh,Gujarat,XXX
322,Rohan,Reddy,Maharashtra,XXX
323,Kriti,Singh,Gujarat,XXX
324,Dev,Gopal,Delhi,XXX
325,Arjun,Singh,Telangana,XXX
326,Aditya,Chowdhury,Maharashtra,XXX
327,Ishita,Nair,Kerala,XXX
328,Prajwal,Patel,Telangana,XXX
329,Mira,Gopal,Delhi,XXX
330,Sana,Patel,Tamil Nadu,XXX
331,Ishaan,Reddy,Maharashtra,XXX
332,Kavya,Kumar,Karnataka,XXX
333,Aditya,Das,Kerala,XXX
334,Ananya,Chowdhury,Andhra Pradesh,XXX
335,Kavya,Das,Andhra Pradesh,XXX
336,Riya,Poojary,Delhi,XXX
337,Sai,Iyer,Tamil Nadu,XXX
338,Rohan,Nair,Gujarat,XXX
339,Ishita,Patel,Gujarat,XXX
340,Riya,Poojary,Delhi,XXX
341,Kriti,Sharma,Tamil Nadu,XXX
342,Mira,Singh,Telangana,XXX
343,Aarav,Iyer,Telangana,XXX
344,Ishita,Patel,Telangana,XXX
345,Riya,Gopal,Kerala,XXX
346,Arjun,Nair,Telangana,XXX
347,Ishaan,Das,Karnataka,XXX
348,Sana,Chowdhury,Maharashtra,XXX
349,Arjun,Das,Andhra Pradesh,XXX
350,Arjun,Singh,Telangana,XXX
351,Ishita,Khan,Delhi,XXX
352,Ishaan,Poojary,Delhi,XXX
353,Sana,Das,Gujarat,XXX
354,Riya,Nair,Karnataka,XXX
355,Kriti,Patel,Karnataka,XXX
356,Prajwal,Das,Kerala,XXX
357,Priya,Kumar,Telangana,XXX
358,Prajwal,Gopal,Telangana,XXX
359,Sana,Sharma,Kerala,XXX
360,Mira,Khan,Karnataka,XXX
361,Karan,Iyer,Maharashtra,XXX
362,Sana,Nair,Andhra Pradesh,XXX
363,Vihaan,Khan,Tamil Nadu,XXX
364,Aditya,Kumar,Kerala,XXX
365,Aditi,Das,Gujarat,XXX
366,Sana,Patel,Andhra Pradesh,XXX
367,Vihaan,Das,Gujarat,XXX
368,Aarav,Gopal,Karnataka,XXX
369,Priya,Chowdhury,Andhra Pradesh,XXX
370,Ishaan,Singh,Karnataka,XXX
371,Sana,Das,Delhi,XXX
372,Sai,Poojary,Gujarat,XXX
373,Rohan,Patel,Kerala,XXX
374,Ishita,Reddy,Maharashtra,XXX
375,Aditi,Sharma,Andhra Pradesh,XXX
376,Ishita,Sharma,Telangana,XXX
377,Aarav,Singh,Kerala,XXX
378,Arjun,Gopal,Maharashtra,XXX
379,Aditya,Patel,Tamil Nadu,XXX
380,Ishaan,Patel,Maharashtra,XXX
381,Ishita,Kumar,Andhra Pradesh,XXX
382,Vihaan,Iyer,Gujarat,XXX
383,Kavya,Reddy,Gujarat,XXX
384,Dev,Poojary,Gujarat,XXX
385,Ishita,Gopal,Tamil Nadu,XXX
386,Ishaan,Nair,Delhi,XXX
387,Aditi,Das,Andhra Pradesh,XXX
388,Ishaan,Chowdhury,Karnataka,XXX
389,Vihaan,Chowdhury,Karnataka,XXX
390,Riya,Iyer,Karnataka,XXX
391,Kavya,Poojary,Tamil Nadu,XXX
392,Vihaan,Khan,Gujarat,XXX
393,Kavya,Chowdhury,Telangana,XXX
394,Prajwal,Chowdhury,Telangana,XXX
395,Ananya,Reddy,Tamil Nadu,XXX
396,Arjun,Poojary,Tamil Nadu,XXX
397,Kavya,Das,Gujarat,XXX
398,Ishita,Patel,Gujarat,XXX
399,Aditi,Gopal,Tamil Nadu,XXX
400,Kriti,Khan,Andhra Pradesh,XXX
401,Ishaan,Poojary,Kerala,XXX
402,Ananya,Singh,Gujarat,XXX
403,Sai,Sharma,Telangana,XXX
404,Sai,Chowdhury,Kerala,XXX
405,Aditi,Nair,Telangana,XXX
406,Aarav,Kumar,Karnataka,XXX
407,Sai,Gopal,Gujarat,XXX
408,Priya,Gopal,Gujarat,XXX
409,Aditi,Kumar,Maharashtra,XXX
410,Ananya,Nair,Andhra Pradesh,XXX
411,Sana,Patel,Kerala,XXX
412,Sai,Das,Karnataka,XXX
413,Arjun,Nair,Telangana,XXX
414,Neha,Iyer,Kerala,XXX
415,Vihaan,Das,Delhi,XXX
416,Karan,Nair,Karnataka,XXX
417,Ananya,Sharma,Telangana,XXX
418,Prajwal,Poojary,Tamil Nadu,XXX
419,Rohan,Singh,Andhra Pradesh,XXX
420,Kavya,Kumar,Tamil Nadu,XXX
421,Riya,Patel,Delhi,XXX
422,Ananya,Gopal,Karnataka,XXX
423,Ananya,Patel,Maharashtra,XXX
424,Aarav,Das,Delhi,XXX
425,Prajwal,Kumar,Karnataka,XXX
426,Neha,Das,Telangana,XXX
427,Priya,Das,Gujarat,XXX
428,Sana,Khan,Andhra Pradesh,XXX
429,Aditya,Sharma,Tamil Nadu,XXX
430,Sana,Sharma,Andhra Pradesh,XXX
431,Kavya,Nair,Delhi,XXX
432,Mira,Kumar,Andhra Pradesh,XXX
433,Neha,Reddy,Telangana,XXX
434,Ishita,Khan,Karnataka,XXX
435,Priya,Kumar,Tamil Nadu,XXX
436,Aarav,Patel,Delhi,XXX
437,Arjun,Iyer,Gujarat,XXX
438,Sana,Kumar,Telangana,XXX
439,Sai,Khan,Andhra Pradesh,XXX
440,Dev,Kumar,Gujarat,XXX
441,Sana,Kumar,Tamil Nadu,XXX
442,Vihaan,Nair,Telangana,XXX
443,Arjun,Reddy,Gujarat,XXX
444,Kriti,Khan,Gujarat,XXX
445,Aditi,Sharma,Kerala,XXX
446,Kavya,Singh,Telangana,XXX
447,Priya,Reddy,Delhi,XXX
448,Aditi,Reddy,Delhi,XXX
449,Kriti,Iyer,Kerala,XXX
450,Mira,Singh,Kerala,XXX
451,Arjun,Reddy,Delhi,XXX
452,Neha,Patel,Kerala,XXX
453,Dev,Das,Kerala,XXX
454,Prajwal,Sharma,Delhi,XXX
455,Sana,Reddy,Telangana,XXX
456,Vihaan,Sharma,Gujarat,XXX
457,Aditi,Nair,Telangana,XXX
458,Aarav,Kumar,Gujarat,XXX
459,Mira,Khan,Kerala,XXX
460,Ishita,Nair,Kerala,XXX
461,Prajwal,Sharma,Maharashtra,XXX
462,Kavya,Reddy,Andhra Pradesh,XXX
463,Aditi,Singh,Andhra Pradesh,XXX
464,Aditya,Sharma,Gujarat,XXX
465,Priya,Reddy,Tamil Nadu,XXX
466,Kriti,Chowdhury,Kerala,XXX
467,Priya,Poojary,Karnataka,XXX
468,Arjun,Iyer,Kerala,XXX
469,Riya,Patel,Maharashtra,XXX
470,Mira,Chowdhury,Gujarat,XXX
471,Riya,Patel,Telangana,XXX
472,Aditi,Gopal,Kerala,XXX
473,Priya,Gopal,Telangana,XXX
474,Neha,Nair,Delhi,XXX
475,Riya,Iyer,Delhi,XXX
476,Ishita,Khan,Kerala,XXX
477,Ishaan,Patel,Kerala,XXX
478,Prajwal,Gopal,Tamil Nadu,XXX
479,Aditi,Iyer,Maharashtra,XXX
480,Neha,Kumar,Delhi,XXX
481,Sai,Khan,Delhi,XXX
482,Kriti,Sharma,Karnataka,XXX
483,Dev,Chowdhury,Delhi,XXX
484,Riya,Das,Delhi,XXX
485,Neha,Iyer,Karnataka,XXX
486,Ishita,Singh,Maharashtra,XXX
487,Aarav,Gopal,Andhra Pradesh,XXX
488,Riya,Das,Gujarat,XXX
489,Riya,Sharma,Telangana,XXX
490,Prajwal,Sharma,Maharashtra,XXX
491,Aditi,Gopal,Tamil Nadu,XXX
492,Dev,Poojary,Karnataka,XXX
493,Kriti,Poojary,Tamil Nadu,XXX
494,Priya,Das,Andhra Pradesh,XXX
495,Rohan,Patel,Telangana,XXX
496,Rohan,Gopal,Telangana,XXX
497,Rohan,Chowdhury,Delhi,XXX
498,Prajwal,Gopal,Kerala,XXX
499,Mira,Patel,Gujarat,XXX
500,Karan,Patel,Kerala,XXX
501,Sai,Nair,Karnataka,XXX
502,Aditya,Khan,Maharashtra,XXX
503,Riya,Reddy,Delhi,XXX
504,Mira,Patel,Karnataka,XXX
505,Kriti,Reddy,Tamil Nadu,XXX
506,Priya,Singh,Andhra Pradesh,XXX
507,Aditya,Khan,Tamil Nadu,XXX
508,Ananya,Das,Karnataka,XXX
509,Riya,Khan,Andhra Pradesh,XXX
510,Ananya,Iyer,Telangana,XXX
511,Prajwal,Chowdhury,Tamil Nadu,XXX
512,Ishaan,Nair,Kerala,XXX
513,Aarav,Poojary,Karnataka,XXX
514,Vihaan,Khan,Karnataka,XXX
515,Ananya,Iyer,Kerala,XXX
516,Karan,Singh,Maharashtra,XXX
517,Kriti,Gopal,Gujarat,XXX
518,Aditya,Iyer,Kerala,XXX
519,Rohan,Khan,Telangana,XXX
520,Aditi,Poojary,Telangana,XXX
521,Dev,Patel,Tamil Nadu,XXX
522,Prajwal,Chowdhury,Telangana,XXX
523,Neha,Patel,Kerala,XXX
524,Karan,Das,Delhi,XXX
525,Neha,Das,Maharashtra,XXX
526,Ananya,Iyer,Gujarat,XXX
527,Ishaan,Chowdhury,Tamil Nadu,XXX
528,Aarav,Kumar,Telangana,XXX
529,Arjun,Poojary,Kerala,XXX
530,Aditi,Gopal,Tamil Nadu,XXX
531,Ananya,Kumar,Karnataka,XXX
532,Sai,Poojary,Gujarat,XXX
533,Mira,Nair,Kerala,XXX
534,Rohan,Gopal,Delhi,XXX
535,Vihaan,Poojary,Tamil Nadu,XXX
536,Ishita,Poojary,Andhra Pradesh,XXX
537,Ananya,Chowdhury,Andhra Pradesh,XXX
538,Arjun,Patel,Gujarat,XXX
539,Rohan,Nair,Maharashtra,XXX
540,Ishaan,Poojary,Andhra Pradesh,XXX
541,Rohan,Nair,Maharashtra,XXX
542,Mira,Das,Tamil Nadu,XXX
543,Ishita,Singh,Tamil Nadu,XXX
544,Kriti,Nair,Telangana,XXX
545,Priya,Reddy,Gujarat,XXX
546,Rohan,Das,Delhi,XXX
547,Kriti,Gopal,Karnataka,XXX
548,Mira,Patel,Kerala,XXX
549,Aditi,Patel,Andhra Pradesh,XXX
550,Ishita,Patel,Delhi,XXX
551,Rohan,Patel,Telangana,XXX
552,Sai,Poojary,Kerala,XXX
553,Karan,Patel,Gujarat,XXX
554,Rohan,Chowdhury,Kerala,XXX
555,Sana,Chowdhury,Karnataka,XXX
556,Ananya,Nair,Kerala,XXX
557,Sana,Reddy,Gujarat,XXX
558,Mira,Iyer,Delhi,XXX
559,Karan,Sharma,Karnataka,XXX
560,Ananya,Khan,Maharashtra,XXX
561,Sana,Iyer,Telangana,XXX
562,Rohan,Iyer,Kerala,XXX
563,Aditya,Nair,Tamil Nadu,XXX
564,Riya,Das,Andhra Pradesh,XXX
565,Ananya,Patel,Kerala,XXX
566,Sana,Poojary,Maharashtra,XXX
567,Priya,Nair,Kerala,XXX
568,Priya,Das,Gujarat,XXX
569,Ishita,Poojary,Delhi,XXX
570,Aditya,Chowdhury,Delhi,XXX
571,Ishaan,Sharma,Tamil Nadu,XXX
572,Ishaan,Singh,Telangana,XXX
573,Ananya,Khan,Tamil Nadu,XXX
574,Neha,Singh,Telangana,XXX
575,Ishaan,Nair,Gujarat,XXX
576,Prajwal,Patel,Andhra Pradesh,XXX
577,Aditya,Khan,Telangana,XXX
578,Aditi,Iyer,Delhi,XXX
579,Aditi,Kumar,Delhi,XXX
580,Priya,Reddy,Maharashtra,XXX
581,Ishita,Das,Telangana,XXX
582,Rohan,Gopal,Gujarat,XXX
583,Aditi,Kumar,Maharashtra,XXX
584,Vihaan,Patel,Maharashtra,XXX
585,Prajwal,Nair,Karnataka,XXX
586,Aditi,Iyer,Delhi,XXX
587,Neha,Nair,Tamil Nadu,XXX
588,Dev,Patel,Tamil Nadu,XXX
589,Aarav,Singh,Gujarat,XXX
590,Dev,Khan,Telangana,XXX
591,Neha,Kumar,Maharashtra,XXX
592,Karan,Poojary,Delhi,XXX
593,Aarav,Iyer,Telangana,XXX
594,Kavya,Khan,Maharashtra,XXX
595,Riya,Khan,Telangana,XXX
596,Neha,Das,Karnataka,XXX
597,Aditi,Das,Telangana,XXX
598,Ishita,Iyer,Tamil Nadu,XXX
599,Ishita,Sharma,Andhra Pradesh,XXX
600,Kriti,Khan,Telangana,XXX
601,Ananya,Das,Karnataka,XXX
602,Karan,Chowdhury,Telangana,XXX
603,Ananya,Singh,Kerala,XXX
604,Sana,Sharma,Karnataka,XXX
605,Aditi,Reddy,Andhra Pradesh,XXX
606,Karan,Singh,Kerala,XXX
607,Aarav,Chowdhury,Karnataka,XXX
608,Neha,Singh,Delhi,XXX
609,Priya,Nair,Maharashtra,XXX
610,Neha,Nair,Karnataka,XXX
611,Sai,Sharma,Andhra Pradesh,XXX
612,Rohan,Reddy,Gujarat,XXX
613,Ishaan,Reddy,Maharashtra,XXX
614,Kriti,Khan,Karnataka,XXX
615,Ishita,Das,Maharashtra,XXX
616,Aarav,Poojary,Telangana,XXX
617,Neha,Patel,Karnataka,XXX
618,Dev,Reddy,Kerala,XXX
619,Dev,Chowdhury,Andhra Pradesh,XXX
620,Aarav,Das,Tamil Nadu,XXX
621,Aditya,Sharma,Tamil Nadu,XXX
622,Aditi,Patel,Andhra Pradesh,XXX
623,Ishaan,Chowdhury,Gujarat,XXX
624,Rohan,Iyer,Andhra Pradesh,XXX
625,Sai,Kumar,Telangana,XXX
626,Vihaan,Poojary,Andhra Pradesh,XXX
627,Sana,Poojary,Andhra Pradesh,XXX
628,Neha,Gopal,Maharashtra,XXX
629,Priya,Nair,Tamil Nadu,XXX
630,Prajwal,Reddy,Gujarat,XXX
631,Rohan,Nair,Maharashtra,XXX
632,Priya,Singh,Tamil Nadu,XXX
633,Priya,Chowdhury,Andhra Pradesh,XXX
634,Neha,Nair,Tamil Nadu,XXX
635,Sana,Khan,Delhi,XXX
636,Aditi,Khan,Karnataka,XXX
637,Sana,Patel,Karnataka,XXX
638,Aditya,Sharma,Kerala,XXX
639,Karan,Reddy,Telangana,XXX
640,Aarav,Reddy,Andhra Pradesh,XXX
641,Ishita,Khan,Andhra Pradesh,XXX
642,Vihaan,Sharma,Delhi,XXX
643,Kavya,Das,Delhi,XXX
644,Ananya,Patel,Telangana,XXX
645,Aditya,Singh,Gujarat,XXX
646,Vihaan,Gopal,Tamil Nadu,XXX
647,Aarav,Das,Kerala,XXX
648,Ananya,Poojary,Delhi,XXX
649,Prajwal,Gopal,Maharashtra,XXX
650,Aarav,Khan,Karnataka,XXX
651,Kriti,Gopal,Andhra Pradesh,XXX
652,Ishaan,Poojary,Karnataka,XXX
653,Ananya,Singh,Delhi,XXX
654,Ishaan,Kumar,Delhi,XXX
655,Karan,Iyer,Maharashtra,XXX
656,Arjun,Patel,Maharashtra,XXX
657,Dev,Nair,Karnataka,XXX
658,Prajwal,Poojary,Telangana,XXX
659,Rohan,Patel,Karnataka,XXX
660,Sana,Singh,Delhi,XXX
661,Kavya,Das,Karnataka,XXX
662,Sai,Das,Andhra Pradesh,XXX
663,Kriti,Khan,Telangana,XXX
664,Kriti,Gopal,Delhi,XXX
665,Arjun,Iyer,Delhi,XXX
666,Sai,Das,Karnataka,XXX
667,Riya,Singh,Tamil Nadu,XXX
668,Arjun,Sharma,Kerala,XXX
669,Dev,Kumar,Delhi,XXX
670,Aarav,Poojary,Gujarat,XXX
671,Riya,Khan,Gujarat,XXX
672,Dev,Sharma,Delhi,XXX
673,Neha,Sharma,Kerala,XXX
674,Neha,Kumar,Tamil Nadu,XXX
675,Prajwal,Singh,Delhi,XXX
676,Aditya,Kumar,Andhra Pradesh,XXX
677,Dev,Reddy,Kerala,XXX
678,Ananya,Singh,Kerala,XXX
679,Arjun,Singh,Karnataka,XXX
680,Riya,Nair,Tamil Nadu,XXX
681,Kriti,Patel,Andhra Pradesh,XXX
682,Arjun,Sharma,Telangana,XXX
683,Dev,Gopal,Karnataka,XXX
684,Vihaan,Chowdhury,Gujarat,XXX
685,Kavya,Poojary,Andhra Pradesh,XXX
686,Ishita,Reddy,Gujarat,XXX
687,Aditi,Reddy,Andhra Pradesh,XXX
688,Kavya,Poojary,Andhra Pradesh,XXX
689,Aditya,Iyer,Tamil Nadu,XXX
690,Mira,Chowdhury,Kerala,XXX
691,Priya,Kumar,Andhra Pradesh,XXX
692,Aarav,Iyer,Tamil Nadu,XXX
693,Aditi,Iyer,Telangana,XXX
694,Karan,Das,Delhi,XXX
695,Arjun,Nair,Delhi,XXX
696,Aditi,Patel,Kerala,XXX
697,Kavya,Poojary,Tamil Nadu,XXX
698,Rohan,Chowdhury,Telangana,XXX
699,Ishaan,Sharma,Karnataka,XXX
700,Aditi,Poojary,Andhra Pradesh,XXX
701,Sai,Sharma,Andhra Pradesh,XXX
702,Mira,Gopal,Tamil Nadu,XXX
703,Sana,Patel,Andhra Pradesh,XXX
704,Kriti,Nair,Delhi,XXX
705,Ishita,Khan,Kerala,XXX
706,Karan,Poojary,Delhi,XXX
707,Rohan,Khan,Gujarat,XXX
708,Aditi,Poojary,Maharashtra,XXX
709,Dev,Chowdhury,Telangana,XXX
710,Sana,Das,Gujarat,XXX
711,Priya,Poojary,Maharashtra,XXX
712,Ananya,Singh,Delhi,XXX
713,Aditya,Patel,Karnataka,XXX
714,Sana,Poojary,Kerala,XXX
715,Rohan,Sharma,Andhra Pradesh,XXX
716,Ananya,Nair,Karnataka,XXX
717,Rohan,Reddy,Maharashtra,XXX
718,Dev,Khan,Delhi,XXX
719,Kriti,Gopal,Delhi,XXX
720,Neha,Chowdhury,Telangana,XXX
721,Priya,Nair,Delhi,XXX
722,Aarav,Patel,Gujarat,XXX
723,Karan,Poojary,Kerala,XXX
724,Priya,Patel,Karnataka,XXX
725,Sai,Kumar,Delhi,XXX
726,Karan,Poojary,Delhi,XXX
727,Prajwal,Khan,Maharashtra,XXX
728,Kavya,Poojary,Telangana,XXX
729,Sana,Iyer,Delhi,XXX
730,Priya,Patel,Delhi,XXX
731,Sana,Poojary,Andhra Pradesh,XXX
732,Kriti,Singh,Delhi,XXX
733,Sana,Chowdhury,Gujarat,XXX
734,Ishita,Nair,Kerala,XXX
735,Aarav,Kumar,Andhra Pradesh,XXX
736,Mira,Nair,Telangana,XXX
737,Prajwal,Reddy,Gujarat,XXX
738,Aditya,Patel,Kerala,XXX
739,Ananya,Iyer,Kerala,XXX
740,Aditi,Das,Gujarat,XXX
741,Karan,Patel,Telangana,XXX
742,Ishita,Iyer,Telangana,XXX
743,Ananya,Iyer,Maharashtra,XXX
744,Karan,Kumar,Telangana,XXX
745,Karan,Nair,Gujarat,XXX
746,Rohan,Nair,Delhi,XXX
747,Aarav,Chowdhury,Gujarat,XXX
748,Aditya,Das,Gujarat,XXX
749,Riya,Reddy,Andhra Pradesh,XXX
750,Ananya,Kumar,Karnataka,XXX
751,Neha,Patel,Delhi,XXX
752,Ananya,Reddy,Tamil Nadu,XXX
753,Riya,Singh,Karnataka,XXX
754,Dev,Kumar,Kerala,XXX
755,Kavya,Reddy,Andhra Pradesh,XXX
756,Karan,Khan,Kerala,XXX
757,Ishita,Reddy,Tamil Nadu,XXX
758,Mira,Das,Delhi,XXX
759,Kavya,Patel,Gujarat,XXX
760,Aditi,Reddy,Delhi,XXX
761,Ishita,Das,Andhra Pradesh,XXX
762,Priya,Gopal,Delhi,XXX
763,Kavya,Gopal,Telangana,XXX
764,Rohan,Khan,Gujarat,XXX
765,Sana,Khan,Kerala,XXX
766,Riya,Gopal,Telangana,XXX
767,Sana,Das,Telangana,XXX
768,Ananya,Khan,Telangana,XXX
769,Arjun,Das,Tamil Nadu,XXX
770,Prajwal,Das,Gujarat,XXX
771,Priya,Khan,Tamil Nadu,XXX
772,Arjun,Nair,Tamil Nadu,XXX
773,Ishita,Das,Telangana,XXX
774,Sai,Nair,Tamil Nadu,XXX
775,Prajwal,Reddy,Karnataka,XXX
776,Prajwal,Gopal,Karnataka,XXX
777,Karan,Patel,Maharashtra,XXX
778,Sana,Gopal,Karnataka,XXX
779,Dev,Gopal,Karnataka,XXX
780,Mira,Das,Andhra Pradesh,XXX
781,Kriti,Singh,Tamil Nadu,XXX
782,Riya,Singh,Delhi,XXX
783,Arjun,Khan,Maharashtra,XXX
784,Prajwal,Sharma,Tamil Nadu,XXX
785,Riya,Nair,Karnataka,XXX
786,Ananya,Iyer,Delhi,XXX
787,Kavya,Patel,Telangana,XXX
788,Sai,Singh,Gujarat,XXX
789,Riya,Gopal,Karnataka,XXX
790,Aarav,Gopal,Telangana,XXX
791,Ishita,Sharma,Telangana,XXX
792,Ishaan,Sharma,Karnataka,XXX
793,Sana,Nair,Karnataka,XXX
794,Vihaan,Singh,Andhra Pradesh,XXX
795,Vihaan,Patel,Karnataka,XXX
796,Ishita,Das,Karnataka,XXX
797,Riya,Patel,Kerala,XXX
798,Ishaan,Khan,Kerala,XXX
799,Karan,Khan,Karnataka,XXX
800,Arjun,Iyer,Andhra Pradesh,XXX
801,Aarav,Poojary,Tamil Nadu,XXX
802,Dev,Gopal,Maharashtra,XXX
803,Riya,Khan,Maharashtra,XXX
804,Karan,Iyer,Tamil Nadu,XXX
805,Karan,Chowdhury,Delhi,XXX
806,Rohan,Sharma,Delhi,XXX
807,Priya,Gopal,Kerala,XXX
808,Sai,Khan,Gujarat,XXX
809,Vihaan,Das,Kerala,XXX
810,Sana,Kumar,Andhra Pradesh,XXX
811,Karan,Nair,Maharashtra,XXX
812,Arjun,Khan,Gujarat,XXX
813,Aditya,Gopal,Andhra Pradesh,XXX
814,Neha,Iyer,Telangana,XXX
815,Karan,Reddy,Delhi,XXX
816,Aditya,Sharma,Delhi,XXX
817,Dev,Gopal,Kerala,XXX
818,Vihaan,Patel,Maharashtra,XXX
819,Ishaan,Nair,Karnataka,XXX
820,Ishaan,Chowdhury,Maharashtra,XXX
821,Dev,Patel,Andhra Pradesh,XXX
822,Riya,Iyer,Andhra Pradesh,XXX
823,Aditya,Das,Andhra Pradesh,XXX
824,Ananya,Reddy,Telangana,XXX
825,Arjun,Sharma,Karnataka,XXX
826,Ishita,Kumar,Karnataka,XXX
827,Aditi,Chowdhury,Tamil Nadu,XXX
828,Kriti,Gopal,Maharashtra,XXX
829,Kriti,Gopal,Telangana,XXX
830,Kriti,Iyer,Andhra Pradesh,XXX
831,Ananya,Iyer,Gujarat,XXX
832,Mira,Khan,Maharashtra,XXX
833,Neha,Reddy,Karnataka,XXX
834,Rohan,Nair,Delhi,XXX
835,Rohan,Nair,Delhi,XXX
836,Riya,Singh,Telangana,XXX
837,Dev,Poojary,Kerala,XXX
838,Aditi,Poojary,Karnataka,XXX
839,Riya,Nair,Maharashtra,XXX
840,Dev,Das,Kerala,XXX
841,Kriti,Khan,Karnataka,XXX
842,Vihaan,Sharma,Tamil Nadu,XXX
843,Kriti,Das,Gujarat,XXX
844,Arjun,Das,Karnataka,XXX
845,Prajwal,Nair,Delhi,XXX
846,Prajwal,Patel,Tamil Nadu,XXX
847,Sana,Nair,Andhra Pradesh,XXX
848,Aditya,Patel,Maharashtra,XXX
849,Sai,Iyer,Kerala,XXX
850,Ananya,Das,Tamil Nadu,XXX
851,Sai,Poojary,Delhi,XXX
852,Ishita,Singh,Andhra Pradesh,XXX
853,Aditya,Singh,Gujarat,XXX
854,Sai,Chowdhury,Andhra Pradesh,XXX
855,Aarav,Das,Tamil Nadu,XXX
856,Aditi,Khan,Maharashtra,XXX
857,Rohan,Reddy,Gujarat,XXX
858,Kriti,Nair,Karnataka,XXX
859,Karan,Patel,Maharashtra,XXX
860,Riya,Khan,Andhra Pradesh,XXX
861,Vihaan,Das,Delhi,XXX
862,Ananya,Reddy,Maharashtra,XXX
863,Riya,Nair,Gujarat,XXX
864,Riya,Singh,Andhra Pradesh,XXX
865,Rohan,Das,Gujarat,XXX
866,Aditya,Chowdhury,Karnataka,XXX
867,Ananya,Das,Kerala,XXX
868,Sana,Poojary,Telangana,XXX
869,Dev,Reddy,Telangana,XXX
870,Prajwal,Khan,Delhi,XXX
871,Aditi,Chowdhury,Gujarat,XXX
872,Arjun,Patel,Andhra Pradesh,XXX
873,Ishita,Singh,Andhra Pradesh,XXX
874,Ananya,Iyer,Tamil Nadu,XXX
875,Ishaan,Poojary,Andhra Pradesh,XXX
876,Sana,Das,Maharashtra,XXX
877,Ishaan,Nair,Kerala,XXX
878,Aditya,Reddy,Delhi,XXX
879,Vihaan,Das,Maharashtra,XXX
880,Sai,Chowdhury,Maharashtra,XXX
881,Riya,Chowdhury,Kerala,XXX
882,Kriti,Das,Tamil Nadu,XXX
883,Dev,Iyer,Andhra Pradesh,XXX
884,Riya,Patel,Tamil Nadu,XXX
885,Rohan,Das,Andhra Pradesh,XXX
886,Arjun,Das,Gujarat,XXX
887,Rohan,Poojary,Gujarat,XXX
888,Riya,Iyer,Maharashtra,XXX
889,Neha,Nair,Maharashtra,XXX
890,Sana,Sharma,Karnataka,XXX
891,Mira,Nair,Kerala,XXX
892,Ishita,Singh,Telangana,XXX
893,Karan,Reddy,Gujarat,XXX
894,Rohan,Kumar,Kerala,XXX
895,Aditya,Nair,Maharashtra,XXX
896,Kriti,Gopal,Tamil Nadu,XXX
897,Vihaan,Kumar,Maharashtra,XXX
898,Aditi,Kumar,Tamil Nadu,XXX
